{
  "instruction": "create a tower of 5 cubes",
  "backend": "Qwen (Qwen3-VL-8B)",
  "num_frames": 10,
  "topreward": {
    "raw_log_probs": [
      -4.5625,
      -3.171875,
      -3.34375,
      -3.234375,
      -3.375,
      -2.90625,
      -2.8125,
      -1.609375,
      -0.81640625,
      -0.2412109375
    ],
    "normalized_progress": [
      0.0,
      0.3218079088598163,
      0.28203389765242326,
      0.3073446320571279,
      0.2748022592510791,
      0.38327683527124184,
      0.4049717504752744,
      0.6833898289270256,
      0.8668926533611343,
      0.9999999976858758
    ],
    "dense_rewards": [
      1.0,
      2.0,
      1.9220131826673645,
      2.0,
      1.9359628657455927,
      2.0,
      2.0,
      2.0,
      2.0,
      2.0
    ]
  },
  "gvl": {
    "progress_scores": [
      0.0,
      0.6,
      0.1,
      0.4,
      0.3,
      0.7,
      0.2,
      0.8,
      0.5,
      0.9
    ],
    "voc": 0.6484848484848483
  },
  "bruteforce_vlm": {
    "progress_scores": [
      0.0,
      0.2,
      0.2,
      0.2,
      0.2,
      0.4,
      0.4,
      0.6,
      0.8,
      0.8
    ],
    "dense_rewards": [
      0.0,
      0.2,
      0.0,
      0.0,
      0.0,
      0.2,
      0.0,
      0.19999999999999996,
      0.20000000000000007,
      0.0
    ],
    "voc": 0.9629500128629351
  }
}